{"cameraMode":{"drawMode":0,"name":"Shaded","section":"Shading Mode"},"sceneLighting":false,"audioPlay":false,"sceneViewState":{"showFog":true,"showMaterialUpdate":false,"showSkybox":false,"showFlares":true,"showImageEffects":true,"showParticleSystems":true,"showVisualEffectGraphs":true,"m_FxEnabled":true},"in2DMode":false,"pivot":{"x":-0.7105664610862732,"y":-0.6964792609214783,"z":0.11763960123062134},"rotation":{"x":-0.18017852306365968,"y":-0.14927613735198975,"z":0.02766610123217106,"w":-0.9718732237815857},"size":2.6056716442108156,"orthographic":false}